{
   "realtime":[4.0, 10.237922215054143, 17.497704644496018, 26.643634338436883, 29.423113443345763, 28.58597859576341, 31.54422646798904, 31.070156097768617, 33.00712613418081, 31.27164858443463, 34.91331354663765, 35.80973679185761, 40.10959179966805, 40.69597644524523, 38.49422210387113, 41.14163682012051, 45.56671247498606, 45.620481994594805, 46.241179402628525, 44.833581789171525, 50.24543035081819, 53.11788785682381, 51.36507032145704, 48.36626471663125, 48.363969559350586, 51.22987023884502, 53.95424504612623, 54.05975979986474, 49.99038943676677, 46.68545540163264, 45.962341840655846, 44.74095297996994, 50.26646590444812, 44.738469795261565, 42.56946575649173, 51.370953386563116, 47.464651695919066, 47.119595217101356, 51.1759041094961, 50.891218574972676, 51.293722542378575, 48.612086983103964, 44.803498803727024, 51.53081277154902, 58.55865799062286, 53.10238166291869, 52.66007999696841, 52.33649034472734, 50.67169794328957, 52.13685134298098, 51.4327112782496, 52.54481281607447, 56.953525536188856, 55.89538039293511, 51.02793750585856, 48.603708878979894, 49.76026060468825, 47.996015375914155, 54.06712205816855, 51.460484993947205, 51.150154866897296, 52.12559968652278, 49.53589972115857, 49.88209810027954, 55.64299917680056, 58.0782377877768, 60.500100460941965, 62.686384447394644, 61.702141940081546, 65.31974565113588, 65.44217883867792, 67.27737450519474, 71.29904725420218, 69.84175205034848, 69.752409188643, 73.9070834899064, 69.5615567655361, 70.83947411917923, 72.59874141382991, 71.34422432321371, 71.2528327290529, 69.85264632362028, 72.81414242397902, 72.9006471314687, 73.8249570901599, 70.20576983580638, 72.41672187555983, 73.04438246396613, 71.3220538615383, 74.02678578128831, 73.31466999624509, 68.83764318559437, 65.41107970731166, 63.75042092242462, 63.97524568150118, 64.54863759093952, 61.23976003716921, 67.3602050666426, 62.502725002299584, 62.95370194611243, 63.414994248098125, 62.77880427493485, 66.00671528688422, 65.88543170933886, 62.7324769225882, 60.362803899835505, 62.634425766811745, 61.40746454173631, 59.74786975005823, 62.48138293646073, 66.6207831273499, 63.60222733055272, 64.2518363945797, 64.75578282600765, 66.09375106163026, 69.94717443989938, 69.2933842105519, 71.71764265247504, 72.11935081831514, 69.98793331063573, 68.89715443047011],
   "state": [1.0, 2.8713766645162426, 5.083373400495063, 7.944664154404766, 8.345091033847822, 7.579844071782961, 8.58980345153637, 8.13995763297743, 8.822888945304083, 7.912923086024121, 8.907247111121166, 8.842663432250916, 10.498613318510197, 10.675247686892796, 9.639579430297204, 10.665402247057411, 12.427696469462271, 12.018526780000904, 12.028803716177983, 11.05921422730274, 13.23378344743958, 13.990937525666135, 12.943758984327117, 11.56188069350105, 11.496995628249119, 12.795367933115216, 14.08095454319347, 13.970179880251152, 12.101227934817285, 10.660860666203153, 10.811757303414241, 10.753459528406488, 13.341856511610203, 10.665409937691354, 9.8002164743371, 13.882019097456357, 12.17590380583232, 12.19032407796972, 13.775478952499034, 13.108986572127131, 12.938719063031144, 11.5519198785173, 10.290026451750641, 13.2253258198334, 15.75290229490616, 13.289185595468275, 13.061982553304077, 12.93702285150443, 12.470815406326864, 13.22951516631625, 12.89693099204112, 13.165533858582513, 14.664922685221532, 14.093597108164602, 12.314777176046125, 11.434219155423335, 12.143152934349786, 11.480856482287237, 14.174942808504959, 12.92820039141344, 12.790759080717848, 13.236293070482894, 12.284645078935185, 12.603968681778667, 14.93046573569239, 15.424674794805664, 16.01195692654298, 16.37221101386885, 15.780248920661112, 17.04651840497826, 16.661203016579748, 17.159444239935866, 18.418331934440243, 17.283736641961873, 17.24898110185306, 19.034740750794573, 17.014336370616938, 17.671240642452602, 18.33059918435669, 17.78347699549689, 17.712826767622428, 17.14563879062166, 18.63664706124765, 18.475357816643893, 18.704488093554808, 17.24634692993186, 18.152986243457583, 18.368026267412205, 17.647851802992847, 18.822606872631276, 18.371914518273847, 16.327955840948995, 15.25808852642197, 15.009888591168785, 15.5701244833389, 15.959898388303298, 14.763467225027608, 17.730683653939842, 15.504102092080185, 16.01747571847477, 16.357471105801864, 15.872939173824578, 16.995463859003443, 16.572722451482395, 15.080879973202375, 14.211324072124476, 15.266083430463844, 15.133977606048282, 14.47512928863172, 15.864240497609858, 17.69343951442891, 16.144011169968145, 16.522854550051882, 16.684740043880005, 16.958501431233948, 18.1752529761608, 17.50856216370248, 18.289533516934977, 18.039615722967227, 17.00654356701478, 17.10654356701478],
   "history":[1.0, 4.777841443358858, 8.430662016378648, 11.870250725066583, 15.069770676242802, 18.06805499063399, 20.952587409230773, 23.827421480442084, 26.777380876133233, 29.84099763645584, 33.00141225896041, 36.198024987613444, 39.35431348862973, 42.41150551350333, 45.35572368163056, 48.228529124955784, 51.116672000552676, 54.124247973875505, 57.33676739741077, 60.78965019457003, 64.45229804280086, 68.23362542409492, 72.007578120867, 75.65028759911026, 79.0764967521238, 82.2631438968533, 85.25242017152434, 88.13367881764586, 91.01081539129754, 93.96663953984688, 97.03662486185591, 100.20096759263875, 103.39733068318698, 106.54930097497824, 109.60002176247781, 112.53863205929636, 115.40968901576099, 118.30177920149264, 121.31892409631321, 124.54455863702066, 128.01063790099624, 131.6828199134389, 135.4672270834839, 139.2368919501977, 142.86921606195358, 146.28197239075388, 149.4558842371523, 152.43644211154012, 155.31476312603903, 158.19446952703785, 161.1562720281107, 164.23256018921484, 167.4006273821515, 170.59649155045057, 173.74395775625544, 176.7881705876845, 179.72131609368174, 182.5909106793967, 185.4872848205525, 188.51426921238638, 191.75312332650677, 192.03228933833483, 192.51370337896915, 193.10078123630305, 193.66576329529232, 194.08743756286165, 194.28668002882057, 194.24800473710053, 194.0201395288176, 193.69585813562702, 193.37839486457824, 193.14627930969843, 193.0287951729478, 193.000377848265, 192.99549451767092, 192.93827724980656, 192.77595528932827, 192.50378869054163, 192.1722126974306, 191.8732068540313, 191.71029430733154, 191.76246110668285, 192.05459212011465, 192.54492730402174, 193.1342641863483, 193.69417294194386, 194.1049429172723, 194.2906227299323, 194.2395189113114, 194.003531268857, 193.6769814039787, 193.36260187135667, 193.13666177362967, 193.02532093347907, 193.00020508336854, 192.99432673743712, 192.93225336766963, 192.76337975004824, 192.48606320755292, 192.15361379652384, 191.85956306535604, 191.70700981626587, 191.77257092420206, 192.0775332485453, 192.5764702274449, 193.16765230584315, 193.72210211572673, 194.1217236052654, 194.2938042276065, 194.23044073246658, 193.9866362830953, 193.65815022624037, 193.34710049567684, 193.12741923181486, 193.02212817099704, 193.00009507121334, 192.9929756051398, 192.9258805269973, 192.7504484333352, 192.46815344103618, 192.56815344103618]
}