{
   "update_rate": [1, 5, 10, 15, 20, 25, 30, 35, 40, 45, 50, 55, 60, 65, 70, 75, 80, 85, 90, 95, 100, 105, 110, 115, 120, 125, 130, 135, 140, 145, 150, 155, 160, 165, 170, 175, 180, 185, 190, 195, 200],
   "lag": [81.55223388279602, 81.695763675062658, 82.1876802272355, 81.725997155951422, 82.15763857713412, 82.302441990650905, 82.62367576918413, 82.76985865216277, 83.431287558767075, 84.24586498328287, 84.98204863935432, 85.539204514872026, 87.62070578651087, 87.445744678273414, 88.114005900461464, 89.04348029874446, 89.96798745944098, 90.6671444504182, 91.7085908615374, 92.42096367491033, 92.811030209380455, 93.574667748758536, 93.94685747189428, 94.12838835143903, 94.211341371385295, 94.988583452769, 96.84315776290283, 97.27373916200897, 105.72723779828133, 145.12300796084773, 195.16017204550023, 296.55677586768759, 496.885158422505896, 596.94725962484782, 697.393507370832296, 797.61110039123839, 898.140157373631574, 998.885158422505896, 998.94725962484782, 999.393507370832296, 909.61110039123839],
   "low": [3.2275332903248577, 3.406880578650483, 3.558522395974088, 3.903561961999211, 4.30602388451546, 4.793588988037337, 5.360530731964456, 5.796720886857168, 6.334963056163808, 7.447764997212896, 8.48637738585518, 8.5337002281345, 9.360320601411804, 9.627408824735603, 8.701396752915036, 8.409767572669177, 9.02283580658128, 8.477079355441237, 8.88431097780171, 9.008863214638927, 8.470273672844225, 8.163779665078907, 8.313882041882177, 7.750347366097053, 7.731675231729247, 8.735303858892152, 8.368931232981392, 8.117880897144016, 14.50366390788248, 50.38262983005548, 70.12667935066793, 130.374726676168, 70.07242310636173, 84.93323553219264, 69.46178423119571, 69.25599956302185, 69.61959938547417, 70.07242310636173, 69.93323553219264, 69.46178423119571, 69.25599956302185],
   "high": [8.156883322581214, 8.561226495010743, 8.925656022191577, 9.780917429190294, 10.782669730642468, 11.983972470093342, 13.40132682991114, 14.491802217142919, 15.83740764040952, 18.61941249303224, 21.21594346463795, 21.33425057033625, 23.400801503529507, 24.06852206183901, 21.75349188228759, 21.02441893167294, 22.557089516453203, 21.19269838860309, 22.210777444504277, 22.522158036597318, 21.175684182110565, 20.409449162697268, 20.784705104705445, 22.375868415242632, 28.329188079323117, 41.83825964723038, 50.92232808245348, 62.79470224286004, 93.7591597697062, 125.95657457513867, 125.3166983766698, 125.93681669041996, 125.18105776590433, 124.83308883048161, 123.65446057798925, 123.13999890755463, 124.04899846368545, 125.18105776590433, 124.83308883048161, 123.65446057798925, 123.13999890755463]
}