{
   "latency": [31.55223388279602, 31.695763675062658, 32.1876802272355, 31.725997155951422, 32.15763857713412, 32.302441990650905, 32.62367576918413, 32.76985865216277, 33.431287558767075, 34.24586498328287, 34.98204863935432, 35.539204514872026, 37.62070578651087, 37.445744678273414, 38.114005900461464, 39.04348029874446, 39.96798745944098, 40.6671444504182, 41.7085908615374, 42.42096367491033, 42.811030209380455, 43.574667748758536, 43.94685747189428, 44.12838835143903, 44.211341371385295, 44.988583452769, 44.84315776290283, 45.27373916200897, 45.72723779828133, 46.12300796084773, 46.16017204550023, 46.55677586768759, 46.885158422505896, 46.94725962484782, 47.393507370832296, 47.61110039123839, 48.140157373631574, 48.885158422505896, 48.94725962484782, 49.393507370832296, 49.61110039123839, 50.140157373631574],
   "low": [1.075844430108286, 1.135626859550161, 1.1861741319913628, 1.3011873206664035, 1.4353412948384867, 1.5978629960124455, 1.7868435773214852, 1.9322402956190559, 2.1116543520546025, 2.4825883324042985, 2.8287924619517266, 2.8445667427115, 3.1201068671372676, 3.209136274911868, 2.900465584305012, 2.803255857556392, 3.007611935527094, 2.8256931184804124, 2.96143699260057, 3.002954404879642, 2.823424557614742, 2.721259888359636, 2.771294013960726, 2.5834491220323508, 2.5772250772430825, 2.911767952964051, 2.7896437443271305, 3.039293632381338, 3.16788796929416, 3.4608766100184902, 3.375559783555974, 3.458242225389326, 3.357474368787244, 3.311078510730881, 3.153928077065234, 3.08533318767395, 3.206533128491394, 3.357474368787244, 3.311078510730881, 3.153928077065234, 3.08533318767395, 3.206533128491394],
   "high": [1.6313766645162429, 1.7122452990021486, 1.7851312044383154, 1.956183485838059, 2.1565339461284934, 2.3967944940186685, 2.680265365982228, 2.898360443428584, 3.167481528081904, 3.723882498606448, 4.24318869292759, 4.26685011406725, 4.680160300705902, 4.813704412367802, 4.350698376457518, 4.204883786334588, 4.51141790329064, 4.238539677720619, 4.442155488900855, 4.5044316073194635, 4.235136836422113, 4.081889832539454, 4.156941020941089, 3.8751736830485264, 3.8658376158646237, 4.367651929446076, 4.184465616490696, 4.558940448572008, 4.75183195394124, 5.191314915027736, 5.06333967533396, 5.187363338083989, 5.036211553180866, 4.966617766096322, 4.73089211559785, 4.627999781510925, 4.809799692737091, 5.036211553180866, 4.966617766096322, 4.73089211559785, 4.627999781510925, 4.809799692737091]
}